Workbook
Name ____RTS1: #REF!
Name ____RTS2: #REF!
Name ___RTS1: #REF!
Name ___RTS2: #REF!
Name __RTS1: #REF!
Name __RTS2: #REF!
Name _3310: +#REF!+#REF!+#REF!+#REF!+#REF!+#REF!+#REF!+#REF!+#REF!+#REF!+#REF!+#REF!+#REF!+#REF!
Name _3380: +#REF!+#REF!+#REF!+#REF!+#REF!+#REF!+#REF!+#REF!+#REF!+#REF!+#REF!+#REF!+#REF!+#REF!
Name _33C0: +#REF!+#REF!+#REF!+#REF!+#REF!+#REF!+#REF!+#REF!+#REF!+#REF!+#REF!+#REF!+#REF!+#REF!
Name _34D0: +#REF!+#REF!+#REF!+#REF!+#REF!+#REF!+#REF!+#REF!+#REF!+#REF!+#REF!+#REF!+#REF!+#REF!
Name _RTS1: #REF!
Name _RTS2: #REF!
Name _RTS4: #REF!
Name ACTMTH: #REF!
Name ACTYTD: #REF!
Name AOPMTH: #REF!
Name AOPYTD: #REF!
Name aud: #REF!
Name AUD_Rates: #REF!
Name Baldate: #REF!
Name baltodate: #REF!
Name budgper: #REF!
Name budgtodate: #REF!
Name capchg: #REF!
Name Capital_charge: #REF!
Name Co_code: #REF!
Name csDesignMode: 1
Name Dividend_at_percent_flag: #REF!
Name DOM_PRICE_INFLATOR: #REF!
Name EBIT___Net_Sales_Analysis: #REF!
Name EPS: #REF!
Name F00actcashflow: #REF!
Name F00Cashflow: #REF!
Name F00QCashflow: #REF!
Name F99GRPcashflow: #REF!
Name F99nzwscashflow: #REF!
Name Gearing_Limit_Flag: #REF!
Name Goodwill_Amortisation: #REF!
Name INTEREST: #REF!
Name LYMTH: #REF!
Name LYYTD: #REF!
Name Market_Cap: #REF!
Name MONTH: #REF!
Name moveper: #REF!
Name Op_Share_Price: #REF!
Name opex_split: #REF!
Name Output_Cashflow: #REF!
Name Pepsi_Op_Stat: #REF!
Name Report10_data: #REF!
Name Scenario: #REF!
Name Share_on_Issue: #REF!
Name Share_Price: #REF!
Name Share_Price_ER: #REF!
Name split_cost_of_sales: #REF!
Name Start_Year: 1994
Name Start10: #REF!
Name state_split: #REF!
Name Tot_SHF: #REF!
Name Variable_Entity: #REF!
Name Variable_Period: #REF!

Sheet MOST Analysis
D1: General Move | E1: G | F1: A | G1: B | H1: G | I1: A | J1: B | K1: P | L1: A
D2: Controlled Move | E2: C | F2: A | G2: B | H2: G | I2: M | J2: X | K2: I | L2: A
D3: Tool Use | E3: T | F3: A | G3: B | H3: G | I3: A | J3: B | K3: P | L3: T | M3: A | N3: B | O3: P | P3: A
D4: Process Time | E4: PT | V4: Total Time (sec) | W4: =SUM(W6:W31) -> 21.96
A5: S.No | B5: Station No | C5: Activity No | D5: Activity Description | E5: Data Card | Q5: MOST Code | R5: FREQ | S5: TMU | T5: Elemental Description | U5: Operator | V5: MUDA Ref | W5: Total Time (sec) | X5: Online/Offline/ Machine Auto | Y5: VA | Z5: NVA-N | AA5: SVA | AB5: NVA | AC5: Category
A6: 1 | D6: ASSY WITH PRESS OPERATION | E6: G | F6: 1 | G6: 0 | H6: 1 | I6: 0 | J6: 0 | K6: 0 | L6: 0 | Q6: =IF(E6=$E$1,($F$1&F6&$G$1&G6&$H$1&H6&$I$1&I6&$J$1&J6&$K$1&K6&$L$1&L6),IF(E6=$E$2,($F$2&F6&$G$2&G6&$H$2&H6&$I$2&I6&$J$2&J6&$K$2&K6&$L$2&L6),IF(E6=$E$3,($F$3&F6&$G$3&G6&$H$3&H6&$I$3&I6&$J$3&J6&$K$3&K6&$L$3&L6&$M$3&M6&$N$3&N6&$O$3&O6&$P$3&P6),IF(E6=$E$4,F6&"SEC")))) -> A1B0G1A0B0P0A0 | R6: 1 | S6: =IF(E6=$E$4,R6*F6/0.036,(SUM(F6:P6)*10*R6)) -> 20 | T6: WITHIN REACH, GRASP THE FIXTURE | U6: 1 | V6: 5 | W6: =S6*0.036 -> 0.72 | X6: ONLINE | Y6: =IF(V6>33,W6,0) -> 0 | Z6: =IF(V6<28,IF(V6>23,W6,0),0) -> 0 | AA6: =IF(V6<34,IF(V6>27,W6,0),0) -> 0 | AB6: =IF(V6<23,W6,0) -> 0.72 | AC6: =VLOOKUP(V6,'VA SVA NVA Summary'!A:E,3,0) -> TENTATIVE MOVES-TOOL
A7: 2 | D7: ASSY WITH PRESS OPERATION | E7: C | F7: 0 | G7: 0 | H7: 0 | I7: 1 | J7: 0 | K7: 0 | L7: 0 | Q7: =IF(E7=$E$1,($F$1&F7&$G$1&G7&$H$1&H7&$I$1&I7&$J$1&J7&$K$1&K7&$L$1&L7),IF(E7=$E$2,($F$2&F7&$G$2&G7&$H$2&H7&$I$2&I7&$J$2&J7&$K$2&K7&$L$2&L7),IF(E7=$E$3,($F$3&F7&$G$3&G7&$H$3&H7&$I$3&I7&$J$3&J7&$K$3&K7&$L$3&L7&$M$3&M7&$N$3&N7&$O$3&O7&$P$3&P7),IF(E7=$E$4,F7&"SEC")))) -> A0B0G0M1X0I0A0 | R7: 1 | S7: =IF(E7=$E$4,R7*F7/0.036,(SUM(F7:P7)*10*R7)) -> 10 | T7: PUSH TO ADJUST < 12 INCHES | U7: 1 | V7: 4 | W7: =S7*0.036 -> 0.36 | X7: ONLINE | Y7: =IF(V7>33,W7,0) -> 0 | Z7: =IF(V7<28,IF(V7>23,W7,0),0) -> 0 | AA7: =IF(V7<34,IF(V7>27,W7,0),0) -> 0 | AB7: =IF(V7<23,W7,0) -> 0.36 | AC7: =VLOOKUP(V7,'VA SVA NVA Summary'!A:E,3,0) -> PICK/POSITION/UNLOAD TOOL OR ANY OTHER MATERIAL EXCEPT PART/FORK LIFT MOVEMENT
A8: 3 | D8: ASSY WITH PRESS OPERATION | E8: G | F8: 1 | G8: 0 | H8: 1 | I8: 0 | J8: 1 | K8: 0 | L8: 0 | Q8: =IF(E8=$E$1,($F$1&F8&$G$1&G8&$H$1&H8&$I$1&I8&$J$1&J8&$K$1&K8&$L$1&L8),IF(E8=$E$2,($F$2&F8&$G$2&G8&$H$2&H8&$I$2&I8&$J$2&J8&$K$2&K8&$L$2&L8),IF(E8=$E$3,($F$3&F8&$G$3&G8&$H$3&H8&$I$3&I8&$J$3&J8&$K$3&K8&$L$3&L8&$M$3&M8&$N$3&N8&$O$3&O8&$P$3&P8),IF(E8=$E$4,F8&"SEC")))) -> A1B0G1A0B1P0A0 | R8: 1 | S8: =IF(E8=$E$4,R8*F8/0.036,(SUM(F8:P8)*10*R8)) -> 30 | T8: WITHIN REACH, GRASP BUTTONS | U8: 1 | V8: 31 | W8: =S8*0.036 -> 1.08 | X8: ONLINE | Y8: =IF(V8>33,W8,0) -> 0 | Z8: =IF(V8<28,IF(V8>23,W8,0),0) -> 0 | AA8: =IF(V8<34,IF(V8>27,W8,0),0) -> 1.08 | AB8: =IF(V8<23,W8,0) -> 0 | AC8: =VLOOKUP(V8,'VA SVA NVA Summary'!A:E,3,0) -> PROCESS CONFIRMATION / ACTUATING MACHINE CONTROLS
A9: 4 | D9: ASSY WITH PRESS OPERATION | E9: C | F9: 0 | G9: 0 | H9: 0 | I9: 1 | J9: 0 | K9: 0 | L9: 0 | Q9: =IF(E9=$E$1,($F$1&F9&$G$1&G9&$H$1&H9&$I$1&I9&$J$1&J9&$K$1&K9&$L$1&L9),IF(E9=$E$2,($F$2&F9&$G$2&G9&$H$2&H9&$I$2&I9&$J$2&J9&$K$2&K9&$L$2&L9),IF(E9=$E$3,($F$3&F9&$G$3&G9&$H$3&H9&$I$3&I9&$J$3&J9&$K$3&K9&$L$3&L9&$M$3&M9&$N$3&N9&$O$3&O9&$P$3&P9),IF(E9=$E$4,F9&"SEC")))) -> A0B0G0M1X0I0A0 | R9: 1 | S9: =IF(E9=$E$4,R9*F9/0.036,(SUM(F9:P9)*10*R9)) -> 10 | T9: PUSH BUTTON TO ACTUATE THE MACHINE CONTROLS BUTTON | U9: 1 | V9: 31 | W9: =S9*0.036 -> 0.36 | X9: ONLINE | Y9: =IF(V9>33,W9,0) -> 0 | Z9: =IF(V9<28,IF(V9>23,W9,0),0) -> 0 | AA9: =IF(V9<34,IF(V9>27,W9,0),0) -> 0.36 | AB9: =IF(V9<23,W9,0) -> 0 | AC9: =VLOOKUP(V9,'VA SVA NVA Summary'!A:E,3,0) -> PROCESS CONFIRMATION / ACTUATING MACHINE CONTROLS
A10: 5 | D10: ASSY WITH PRESS OPERATION | E10: G | F10: 1 | G10: 0 | H10: 1 | I10: 0 | J10: 0 | K10: 0 | L10: 0 | Q10: =IF(E10=$E$1,($F$1&F10&$G$1&G10&$H$1&H10&$I$1&I10&$J$1&J10&$K$1&K10&$L$1&L10),IF(E10=$E$2,($F$2&F10&$G$2&G10&$H$2&H10&$I$2&I10&$J$2&J10&$K$2&K10&$L$2&L10),IF(E10=$E$3,($F$3&F10&$G$3&G10&$H$3&H10&$I$3&I10&$J$3&J10&$K$3&K10&$L$3&L10&$M$3&M10&$N$3&N10&$O$3&O10&$P$3&P10),IF(E10=$E$4,F10&"SEC")))) -> A1B0G1A0B0P0A0 | R10: 1 | S10: =IF(E10=$E$4,R10*F10/0.036,(SUM(F10:P10)*10*R10)) -> 20 | T10: WITHIN REACH, GRASP THE WORKPIECE | U10: 1 | V10: 2 | W10: =S10*0.036 -> 0.72 | X10: ONLINE | Y10: =IF(V10>33,W10,0) -> 0 | Z10: =IF(V10<28,IF(V10>23,W10,0),0) -> 0 | AA10: =IF(V10<34,IF(V10>27,W10,0),0) -> 0 | AB10: =IF(V10<23,W10,0) -> 0.72 | AC10: =VLOOKUP(V10,'VA SVA NVA Summary'!A:E,3,0) -> TENTATIVE MOVES - PART
A11: 6 | D11: ASSY WITH PRESS OPERATION | E11: G | F11: 1 | G11: 0 | H11: 1 | I11: 0 | J11: 0 | K11: 0 | L11: 0 | Q11: =IF(E11=$E$1,($F$1&F11&$G$1&G11&$H$1&H11&$I$1&I11&$J$1&J11&$K$1&K11&$L$1&L11),IF(E11=$E$2,($F$2&F11&$G$2&G11&$H$2&H11&$I$2&I11&$J$2&J11&$K$2&K11&$L$2&L11),IF(E11=$E$3,($F$3&F11&$G$3&G11&$H$3&H11&$I$3&I11&$J$3&J11&$K$3&K11&$L$3&L11&$M$3&M11&$N$3&N11&$O$3&O11&$P$3&P11),IF(E11=$E$4,F11&"SEC")))) -> A1B0G1A0B0P0A0 | R11: 1 | S11: =IF(E11=$E$4,R11*F11/0.036,(SUM(F11:P11)*10*R11)) -> 20 | T11: WITHIN REACH, GRASP THE TRAY | U11: 1 | V11: 5 | W11: =S11*0.036 -> 0.72 | X11: ONLINE | Y11: =IF(V11>33,W11,0) -> 0 | Z11: =IF(V11<28,IF(V11>23,W11,0),0) -> 0 | AA11: =IF(V11<34,IF(V11>27,W11,0),0) -> 0 | AB11: =IF(V11<23,W11,0) -> 0.72 | AC11: =VLOOKUP(V11,'VA SVA NVA Summary'!A:E,3,0) -> TENTATIVE MOVES-TOOL
A12: 7 | D12: ASSY WITH PRESS OPERATION | E12: C | F12: 0 | G12: 0 | H12: 0 | I12: 1 | J12: 0 | K12: 0 | L12: 0 | Q12: =IF(E12=$E$1,($F$1&F12&$G$1&G12&$H$1&H12&$I$1&I12&$J$1&J12&$K$1&K12&$L$1&L12),IF(E12=$E$2,($F$2&F12&$G$2&G12&$H$2&H12&$I$2&I12&$J$2&J12&$K$2&K12&$L$2&L12),IF(E12=$E$3,($F$3&F12&$G$3&G12&$H$3&H12&$I$3&I12&$J$3&J12&$K$3&K12&$L$3&L12&$M$3&M12&$N$3&N12&$O$3&O12&$P$3&P12),IF(E12=$E$4,F12&"SEC")))) -> A0B0G0M1X0I0A0 | R12: 1 | S12: =IF(E12=$E$4,R12*F12/0.036,(SUM(F12:P12)*10*R12)) -> 10 | T12: PULL TRAY < 12 INCHES | U12: 1 | V12: 5 | W12: =S12*0.036 -> 0.36 | X12: ONLINE | Y12: =IF(V12>33,W12,0) -> 0 | Z12: =IF(V12<28,IF(V12>23,W12,0),0) -> 0 | AA12: =IF(V12<34,IF(V12>27,W12,0),0) -> 0 | AB12: =IF(V12<23,W12,0) -> 0.36 | AC12: =VLOOKUP(V12,'VA SVA NVA Summary'!A:E,3,0) -> TENTATIVE MOVES-TOOL
A13: 8 | D13: ASSY WITH PRESS OPERATION | E13: G | F13: 1 | G13: 0 | H13: 1 | I13: 0 | J13: 0 | K13: 0 | L13: 0 | Q13: =IF(E13=$E$1,($F$1&F13&$G$1&G13&$H$1&H13&$I$1&I13&$J$1&J13&$K$1&K13&$L$1&L13),IF(E13=$E$2,($F$2&F13&$G$2&G13&$H$2&H13&$I$2&I13&$J$2&J13&$K$2&K13&$L$2&L13),IF(E13=$E$3,($F$3&F13&$G$3&G13&$H$3&H13&$I$3&I13&$J$3&J13&$K$3&K13&$L$3&L13&$M$3&M13&$N$3&N13&$O$3&O13&$P$3&P13),IF(E13=$E$4,F13&"SEC")))) -> A1B0G1A0B0P0A0 | R13: 1 | S13: =IF(E13=$E$4,R13*F13/0.036,(SUM(F13:P13)*10*R13)) -> 20 | T13: WITHIN REACH, RE-GRASP THE WORKPIECE, HOLD | U13: 1 | V13: 2 | W13: =S13*0.036 -> 0.72 | X13: ONLINE | Y13: =IF(V13>33,W13,0) -> 0 | Z13: =IF(V13<28,IF(V13>23,W13,0),0) -> 0 | AA13: =IF(V13<34,IF(V13>27,W13,0),0) -> 0 | AB13: =IF(V13<23,W13,0) -> 0.72 | AC13: =VLOOKUP(V13,'VA SVA NVA Summary'!A:E,3,0) -> TENTATIVE MOVES - PART
A14: 9 | D14: ASSY WITH PRESS OPERATION | E14: G | F14: 1 | G14: 0 | H14: 1 | I14: 0 | J14: 0 | K14: 0 | L14: 0 | Q14: =IF(E14=$E$1,($F$1&F14&$G$1&G14&$H$1&H14&$I$1&I14&$J$1&J14&$K$1&K14&$L$1&L14),IF(E14=$E$2,($F$2&F14&$G$2&G14&$H$2&H14&$I$2&I14&$J$2&J14&$K$2&K14&$L$2&L14),IF(E14=$E$3,($F$3&F14&$G$3&G14&$H$3&H14&$I$3&I14&$J$3&J14&$K$3&K14&$L$3&L14&$M$3&M14&$N$3&N14&$O$3&O14&$P$3&P14),IF(E14=$E$4,F14&"SEC")))) -> A1B0G1A0B0P0A0 | R14: 1 | S14: =IF(E14=$E$4,R14*F14/0.036,(SUM(F14:P14)*10*R14)) -> 20 | T14: WITHIN REACH, GRASP TWEEZER | U14: 1 | V14: 5 | W14: =S14*0.036 -> 0.72 | X14: ONLINE | Y14: =IF(V14>33,W14,0) -> 0 | Z14: =IF(V14<28,IF(V14>23,W14,0),0) -> 0 | AA14: =IF(V14<34,IF(V14>27,W14,0),0) -> 0 | AB14: =IF(V14<23,W14,0) -> 0.72 | AC14: =VLOOKUP(V14,'VA SVA NVA Summary'!A:E,3,0) -> TENTATIVE MOVES-TOOL
A15: 10 | D15: ASSY WITH PRESS OPERATION | E15: C | F15: 0 | G15: 0 | H15: 0 | I15: 1 | J15: 0 | K15: 0 | L15: 0 | Q15: =IF(E15=$E$1,($F$1&F15&$G$1&G15&$H$1&H15&$I$1&I15&$J$1&J15&$K$1&K15&$L$1&L15),IF(E15=$E$2,($F$2&F15&$G$2&G15&$H$2&H15&$I$2&I15&$J$2&J15&$K$2&K15&$L$2&L15),IF(E15=$E$3,($F$3&F15&$G$3&G15&$H$3&H15&$I$3&I15&$J$3&J15&$K$3&K15&$L$3&L15&$M$3&M15&$N$3&N15&$O$3&O15&$P$3&P15),IF(E15=$E$4,F15&"SEC")))) -> A0B0G0M1X0I0A0 | R15: 2 | S15: =IF(E15=$E$4,R15*F15/0.036,(SUM(F15:P15)*10*R15)) -> 20 | T15: PUSH TWEEZER TO GRASP THE BUSH < 12 INCHES | U15: 1 | V15: 4 | W15: =S15*0.036 -> 0.72 | X15: ONLINE | Y15: =IF(V15>33,W15,0) -> 0 | Z15: =IF(V15<28,IF(V15>23,W15,0),0) -> 0 | AA15: =IF(V15<34,IF(V15>27,W15,0),0) -> 0 | AB15: =IF(V15<23,W15,0) -> 0.72 | AC15: =VLOOKUP(V15,'VA SVA NVA Summary'!A:E,3,0) -> PICK/POSITION/UNLOAD TOOL OR ANY OTHER MATERIAL EXCEPT PART/FORK LIFT MOVEMENT
A16: 11 | D16: ASSY WITH PRESS OPERATION | E16: G | F16: 0 | G16: 0 | H16: 0 | I16: 1 | J16: 0 | K16: 3 | L16: 0 | Q16: =IF(E16=$E$1,($F$1&F16&$G$1&G16&$H$1&H16&$I$1&I16&$J$1&J16&$K$1&K16&$L$1&L16),IF(E16=$E$2,($F$2&F16&$G$2&G16&$H$2&H16&$I$2&I16&$J$2&J16&$K$2&K16&$L$2&L16),IF(E16=$E$3,($F$3&F16&$G$3&G16&$H$3&H16&$I$3&I16&$J$3&J16&$K$3&K16&$L$3&L16&$M$3&M16&$N$3&N16&$O$3&O16&$P$3&P16),IF(E16=$E$4,F16&"SEC")))) -> A0B0G0A1B0P3A0 | R16: 2 | S16: =IF(E16=$E$4,R16*F16/0.036,(SUM(F16:P16)*10*R16)) -> 80 | T16: WITHIN REACH, PLACE BUSH IN THE WORKPIECE WITH LIGHT PRESSURE | U16: 1 | V16: 32 | W16: =S16*0.036 -> 2.88 | X16: ONLINE | Y16: =IF(V16>33,W16,0) -> 0 | Z16: =IF(V16<28,IF(V16>23,W16,0),0) -> 0 | AA16: =IF(V16<34,IF(V16>27,W16,0),0) -> 2.88 | AB16: =IF(V16<23,W16,0) -> 0 | AC16: =VLOOKUP(V16,'VA SVA NVA Summary'!A:E,3,0) -> PUTTING TOGETHER PARTS FOR ASSEMBLY/MACHINING
A17: 12 | D17: ASSY WITH PRESS OPERATION | E17: G | F17: 0 | G17: 0 | H17: 0 | I17: 1 | J17: 0 | K17: 1 | L17: 0 | Q17: =IF(E17=$E$1,($F$1&F17&$G$1&G17&$H$1&H17&$I$1&I17&$J$1&J17&$K$1&K17&$L$1&L17),IF(E17=$E$2,($F$2&F17&$G$2&G17&$H$2&H17&$I$2&I17&$J$2&J17&$K$2&K17&$L$2&L17),IF(E17=$E$3,($F$3&F17&$G$3&G17&$H$3&H17&$I$3&I17&$J$3&J17&$K$3&K17&$L$3&L17&$M$3&M17&$N$3&N17&$O$3&O17&$P$3&P17),IF(E17=$E$4,F17&"SEC")))) -> A0B0G0A1B0P1A0 | R17: 1 | S17: =IF(E17=$E$4,R17*F17/0.036,(SUM(F17:P17)*10*R17)) -> 20 | T17: WITHIN REACH, LAY ASIDE THE WORKPIECE | U17: 1 | V17: 2 | W17: =S17*0.036 -> 0.72 | X17: ONLINE | Y17: =IF(V17>33,W17,0) -> 0 | Z17: =IF(V17<28,IF(V17>23,W17,0),0) -> 0 | AA17: =IF(V17<34,IF(V17>27,W17,0),0) -> 0 | AB17: =IF(V17<23,W17,0) -> 0.72 | AC17: =VLOOKUP(V17,'VA SVA NVA Summary'!A:E,3,0) -> TENTATIVE MOVES - PART
... A31: 26 | D31: ASSY WITH PRESS OPERATION | E31: C | F31: 0 | G31: 0 | H31: 0 | I31: 3 | J31: 0 | K31: 0 | L31: 0 | Q31: =IF(E31=$E$1,($F$1&F31&$G$1&G31&$H$1&H31&$I$1&I31&$J$1&J31&$K$1&K31&$L$1&L31),IF(E31=$E$2,($F$2&F31&$G$2&G31&$H$2&H31&$I$2&I31&$J$2&J31&$K$2&K31&$L$2&L31),IF(E31=$E$3,($F$3&F31&$G$3&G31&$H$3&H31&$I$3&I31&$J$3&J31&$K$3&K31&$L$3&L31&$M$3&M31&$N$3&N31&$O$3&O31&$P$3&P31),IF(E31=$E$4,F31&"SEC")))) -> A0B0G0M3X0I0A0 | R31: 1 | S31: =IF(E31=$E$4,R31*F31/0.036,(SUM(F31:P31)*10*R31)) -> 30 | T31: PUSH THE TREY FORWARD > 12 INCHES | U31: 1 | V31: 5 | W31: =S31*0.036 -> 1.08 | X31: ONLINE | Y31: =IF(V31>33,W31,0) -> 0 | Z31: =IF(V31<28,IF(V31>23,W31,0),0) -> 0 | AA31: =IF(V31<34,IF(V31>27,W31,0),0) -> 0 | AB31: =IF(V31<23,W31,0) -> 1.08 | AC31: =VLOOKUP(V31,'VA SVA NVA Summary'!A:E,3,0) -> TENTATIVE MOVES-TOOL

Sheet VA SVA NVA Summary
A1: No | B1: VA/NVA/SVA | C1: Description | D1: VA/NVA/SVA | E1: Ref # | F1: Time in Sec | G1: Time in Mins
A2: 0 | B2: Noise | C2: Noise | D2: Noise | E2: 0 | F2: =SUMIF('MOST Analysis'!V:V,'VA SVA NVA Summary'!E2,'MOST Analysis'!W:W) -> 0 | G2: =F2/60 -> 0
A3: 1 | B3: NVA | C3: WALKING | D3: NVA | E3: 1 | F3: =SUMIF('MOST Analysis'!V:V,'VA SVA NVA Summary'!E3,'MOST Analysis'!W:W) -> 0 | G3: =F3/60 -> 0 | I3: VA/SVA/NVA CATEGORIZATION | J3: Work Content (Mins)
A4: 2 | B4: NVA | C4: TENTATIVE MOVES - PART | D4: NVA | E4: 2 | F4: =SUMIF('MOST Analysis'!V:V,'VA SVA NVA Summary'!E4,'MOST Analysis'!W:W) -> 4.32 | G4: =F4/60 -> 0.072 | I4: NOISE | J4: =G2 -> 0
A5: 3 | B5: NVA | C5: QUALITY INSPECTION | D5: NVA | E5: 3 | F5: =SUMIF('MOST Analysis'!V:V,'VA SVA NVA Summary'!E5,'MOST Analysis'!W:W) -> 0 | G5: =F5/60 -> 0 | I5: VA | J5: =SUMIF(D:G,I5,G:G) -> 0.084 | K5: =J5/$J$9 -> 0.2295082
A6: 4 | B6: NVA | C6: PICK/POSITION/UNLOAD TOOL OR ANY OTHER MATERIAL EXCEPT PART/FORK LIFT MOVEMENT | D6: NVA | E6: 4 | F6: =SUMIF('MOST Analysis'!V:V,'VA SVA NVA Summary'!E6,'MOST Analysis'!W:W) -> 1.08 | G6: =F6/60 -> 0.018 | I6: NVA-N | J6: =SUMIF(D:G,I6,G:G) -> 0 | K6: =J6/$J$9 -> 0
A7: 5 | B7: NVA | C7: TENTATIVE MOVES-TOOL | D7: NVA | E7: 5 | F7: =SUMIF('MOST Analysis'!V:V,'VA SVA NVA Summary'!E7,'MOST Analysis'!W:W) -> 5.76 | G7: =F7/60 -> 0.096 | I7: SVA | J7: =SUMIF(D:G,I7,G:G) -> 0.072 | K7: =J7/$J$9 -> 0.19672131
A8: 6 | B8: NVA | C8: PROCESS AIDE-TOOLING (FASTENING - REWORK) | D8: NVA | E8: 6 | F8: =SUMIF('MOST Analysis'!V:V,'VA SVA NVA Summary'!E8,'MOST Analysis'!W:W) -> 0 | G8: =F8/60 -> 0 | I8: NVA | J8: =SUMIF(D:G,I8,G:G) -> 0.21 | K8: =J8/$J$9 -> 0.57377049
A9: 7 | B9: NVA | C9: MARKING | D9: NVA | E9: 7 | F9: =SUMIF('MOST Analysis'!V:V,'VA SVA NVA Summary'!E9,'MOST Analysis'!W:W) -> 0 | G9: =F9/60 -> 0 | I9: TOTAL | J9: =SUM(J4:J8) -> 0.366
A10: 8 | B10: NVA | C10: WIPING/CLEANING | D10: NVA | E10: 8 | F10: =SUMIF('MOST Analysis'!V:V,'VA SVA NVA Summary'!E10,'MOST Analysis'!W:W) -> 0 | G10: =F10/60 -> 0
A11: 9 | B11: NVA | C11: DATA ENTRY | D11: NVA | E11: 9 | F11: =SUMIF('MOST Analysis'!V:V,'VA SVA NVA Summary'!E11,'MOST Analysis'!W:W) -> 0 | G11: =F11/60 -> 0
A12: 10 | B12: NVA | C12: HAMMERING (NOT USE, USE BEND MATERIAL) | D12: NVA | E12: 10 | F12: =SUMIF('MOST Analysis'!V:V,'VA SVA NVA Summary'!E12,'MOST Analysis'!W:W) -> 0 | G12: =F12/60 -> 0
A13: 11 | B13: NVA | C13: BEND BELOW KNEE LEVEL,WALK THROUGH DOOR,WALK ON STAIRS | D13: NVA | E13: 11 | F13: =SUMIF('MOST Analysis'!V:V,'VA SVA NVA Summary'!E13,'MOST Analysis'!W:W) -> 0 | G13: =F13/60 -> 0
A14: 12 | B14: NVA | C14: REMOVE EXCESS MATERIAL | D14: NVA | E14: 12 | F14: =SUMIF('MOST Analysis'!V:V,'VA SVA NVA Summary'!E14,'MOST Analysis'!W:W) -> 0 | G14: =F14/60 -> 0
A15: 13 | B15: NVA | C15: LAY ASIDE | D15: NVA | E15: 13 | F15: =SUMIF('MOST Analysis'!V:V,'VA SVA NVA Summary'!E15,'MOST Analysis'!W:W) -> 1.44 | G15: =F15/60 -> 0.024
A16: 14 | B16: NVA | C16: MACHINE AUTO (PALLET MOVEMENT TIME) | D16: NVA | E16: 14 | F16: =SUMIF('MOST Analysis'!V:V,'VA SVA NVA Summary'!E16,'MOST Analysis'!W:W) -> 0 | G16: =F16/60 -> 0
A17: 15 | B17: NVA | C17: GAUGING/MEASURING | D17: NVA | E17: 15 | F17: =SUMIF('MOST Analysis'!V:V,'VA SVA NVA Summary'!E17,'MOST Analysis'!W:W) -> 0 | G17: =F17/60 -> 0
A18: 16 | B18: NVA | C18: WAITING | D18: NVA | E18: 16 | F18: =SUMIF('MOST Analysis'!V:V,'VA SVA NVA Summary'!E18,'MOST Analysis'!W:W) -> 0 | G18: =F18/60 -> 0
A19: 17 | B19: NVA | C19: UNPACKING | D19: NVA | E19: 17 | F19: =SUMIF('MOST Analysis'!V:V,'VA SVA NVA Summary'!E19,'MOST Analysis'!W:W) -> 0 | G19: =F19/60 -> 0
A20: 18 | B20: NVA | C20: PRESS RETURN MOVEMENT | D20: NVA | E20: 18 | F20: =SUMIF('MOST Analysis'!V:V,'VA SVA NVA Summary'!E20,'MOST Analysis'!W:W) -> 0 | G20: =F20/60 -> 0
A21: 19 | B21: NVA | C21: HOISTING | D21: NVA | E21: 19 | F21: =SUMIF('MOST Analysis'!V:V,'VA SVA NVA Summary'!E21,'MOST Analysis'!W:W) -> 0 | G21: =F21/60 -> 0
... A50: 47 | B50: VA | C50: INSERTING | D50: VA | E50: 47 | F50: =SUMIF('MOST Analysis'!V:V,'VA SVA NVA Summary'!E50,'MOST Analysis'!W:W) -> 0 | G50: =F50/60 -> 0
A51: 48 | B51: VA | C51: POLISHING MATERIAL | D51: VA | E51: 48 | F51: 0 | G51: 0
A52: 49 | B52: VA | C52: GRINDING MATERIAL | D52: VA | E52: 49 | F52: =SUMIF('MOST Analysis'!V:V,'VA SVA NVA Summary'!E52,'MOST Analysis'!W:W) -> 0 | G52: =F52/60 -> 0
F53: =SUM(F3:F52) -> 21.96 | G53: =SUM(G3:G52) -> 0.366
